<?xml version="1.0" encoding="UTF-8"?>
<!DOCTYPE xsl:stylesheet [<!ENTITY nbsp "&#160;">]>
<fragments name="rssfeeds_fragment_lib" readonly="false">
	<fragment id="link_to_rss_feed" language="idoc" name="Link to RSS Feed" type="other" icon="span">
		<parameters>
			<parameter name="rssUrl" description="URL to the RSS feed for this page" type="text" fromURL="false" required="true" optionsonly="false">
				<![CDATA[rss/index.htm]]>
			</parameter>
		</parameters>
		<snippets>
			<snippet id="snip1" location="drop-point" include="inline">
				<![CDATA[<span class="link_to_rss_feed">
<a href="<!--$getValue('#active', ssFragmentInstanceId & '_rssUrl')-->"><img style="border: none;" src="<!--$HttpRelativeFragmentsRoot-->link_to_rss_feed/icon_xml.gif"></a>
</span>
]]>
			</snippet>
			<snippet id="snip2" location="head" include="inline">
				<![CDATA[<link rel="alternate" type="application/rss+xml" href="<!--$getValue('#active', ssFragmentInstanceId & '_rssUrl')-->" title="" >
]]>
			</snippet>
		</snippets>
		<elements/>
	</fragment>
	<fragment id="display_remote_rss_feed" language="idoc" name="Display Remote RSS Feed" type="other" icon="div">
		<parameters>
			<parameter name="feedUrl" description="The URL to the remote RSS Feed" type="url" fromURL="false" required="true" optionsonly="false">
			</parameter>
			<parameter name="xslUrl" description="The URL to an optional XSL template" type="text" fromURL="false" required="false" optionsonly="false">
			</parameter>
		</parameters>
		<snippets>
			<snippet id="snip1" location="drop-point" include="reference">
				<![CDATA[<div class="display_remote_rss_feed">
<!--$feedUrl = getValue("#active", ssFragmentInstanceId & "_feedUrl")-->
<!--$xslUrl = getValue("#active", ssFragmentInstanceId & "_xslUrl")-->
<!--$if xslUrl-->
	<!--$htmlOutput = rssTransform(feedUrl, xslUrl)-->
	<!--$xmlDecode(htmlOutput)-->
<!--$else-->
	<!--$parseXml = "true"--><!--$executeService("GET_REMOTE_FEED")-->
	<!--$if StatusCode lt 0-->
		<h3><!--$StatusMessage--></h3>
		<p><!--$feedUrl--></p>
	<!--$else-->
		<a href="<!--$channelLink-->"><h4><!--$channelTitle--></h4></a>
		<!--$loop RSS_ENTRIES-->
			<h5><a href="<!--$link-->"><!--$title--></a></h5>
			<!--$description-->
		<!--$endloop-->
	<!--$endif-->
<!--$endif-->
</div>]]>
				<designview>
					<![CDATA[display remote RSS Feed]]>
				</designview>
			</snippet>
		</snippets>
		<elements/>
	</fragment>
</fragments>
